Date,Opponent,Location,Points For,Points Against
2017-11-25,Georgia,Home,7,38
2017-11-18,Duke,Away,20,43
2017-11-11,Virginia Tech,Home,28,22
2017-11-04,Virginia,Away,36,40
2017-10-28,Clemson,Away,10,24
2017-10-21,Wake Forest,Home,38,24
2017-10-14,Miami-FL,Away,24,25
2017-09-30,North Carolina,Home,33,7
2017-09-23,Pittsburgh,Home,35,17
2017-09-09,Jacksonville State,Home,37,10
2017-09-04,Tennessee,Neutral,41,42
2016-12-31,Kentucky,Neutral,33,18
2016-11-26,Georgia,Away,28,27
2016-11-19,Virginia,Home,31,17
2016-11-12,Virginia Tech,Away,30,20
2016-11-05,North Carolina,Away,20,48
2016-10-29,Duke,Home,38,35
2016-10-15,Georgia Southern,Home,35,24
2016-10-08,Pittsburgh,Away,34,37
2016-10-01,Miami-FL,Home,21,35
2016-09-22,Clemson,Home,7,26
2016-09-17,Vanderbilt,Home,38,7
2016-09-10,Mercer,Home,35,10
2016-09-03,Boston College,Neutral,17,14
2015-11-28,Georgia,Home,7,13
2015-11-21,Miami-FL,Away,21,38
2015-11-12,Virginia Tech,Home,21,23
2015-10-31,Virginia,Away,21,27
2015-10-24,Florida State,Home,22,16
2015-10-17,Pittsburgh,Home,28,31
2015-10-10,Clemson,Away,24,43
2015-10-03,North Carolina,Home,31,38
2015-09-26,Duke,Away,20,34
2015-09-19,Notre Dame,Away,22,30
2015-09-12,Tulane,Home,65,10
2015-09-03,Alcorn State,Home,69,6
2014-12-31,Mississippi State,Neutral,49,34
2014-12-06,Florida State,Neutral,35,37
2014-11-29,Georgia,Away,30,24
2014-11-15,Clemson,Home,28,6
2014-11-08,North Carolina State,Away,56,23
2014-11-01,Virginia,Home,35,10
2014-10-25,Pittsburgh,Away,56,28
2014-10-18,North Carolina,Away,43,48
2014-10-11,Duke,Home,25,31
2014-10-04,Miami-FL,Home,28,17
2014-09-20,Virginia Tech,Away,27,24
2014-09-13,Georgia Southern,Home,42,38
2014-09-06,Tulane,Away,38,21
2014-08-30,Wofford,Home,38,19
2013-12-30,Mississippi,Neutral,17,25
2013-11-30,Georgia,Home,34,41
2013-11-23,Alabama A&M,Home,66,7
2013-11-14,Clemson,Away,31,55
2013-11-02,Pittsburgh,Home,21,10
2013-10-26,Virginia,Away,35,25
2013-10-19,Syracuse,Home,56,0
2013-10-12,Brigham Young,Away,20,38
2013-10-05,Miami-FL,Away,30,45
2013-09-26,Virginia Tech,Home,10,17
2013-09-21,North Carolina,Home,28,20
2013-09-14,Duke,Away,38,14
2013-08-31,Elon,Home,70,0
2012-12-31,Southern California,Neutral,21,7
2012-12-01,Florida State,Neutral,15,21
2012-11-24,Georgia,Away,10,42
2012-11-17,Duke,Home,42,24
2012-11-10,North Carolina,Away,68,50
2012-11-03,Maryland,Away,33,13
2012-10-27,Brigham Young,Home,17,41
2012-10-20,Boston College,Home,37,17
2012-10-06,Clemson,Away,31,47
2012-09-29,Middle Tennessee State,Home,28,49
2012-09-22,Miami-FL,Home,36,42
2012-09-15,Virginia,Home,56,20
2012-09-08,Presbyterian,Home,59,3
2012-09-03,Virginia Tech,Away,17,20
2011-12-31,Utah,Neutral,27,30
2011-11-26,Georgia,Home,17,31
2011-11-19,Duke,Away,38,31
2011-11-10,Virginia Tech,Home,26,37
2011-10-29,Clemson,Home,31,17
2011-10-22,Miami-FL,Away,7,24
2011-10-15,Virginia,Away,21,24
2011-10-08,Maryland,Home,21,16
2011-10-01,North Carolina State,Away,45,35
2011-09-24,North Carolina,Home,35,28
2011-09-17,Kansas,Home,66,24
2011-09-10,Middle Tennessee State,Away,49,21
2011-09-01,Western Carolina,Home,63,21
2010-12-27,Air Force,Neutral,7,14
2010-11-27,Georgia,Away,34,42
2010-11-20,Duke,Home,30,20
2010-11-13,Miami-FL,Home,10,35
2010-11-04,Virginia Tech,Away,21,28
2010-10-23,Clemson,Away,13,27
2010-10-16,Middle Tennessee State,Home,42,14
2010-10-09,Virginia,Home,33,21
2010-10-02,Wake Forest,Away,24,20
2010-09-25,North Carolina State,Home,28,45
2010-09-18,North Carolina,Away,30,24
2010-09-11,Kansas,Away,25,28
2010-09-04,South Carolina State,Home,41,10
2009-12-05,Clemson,Neutral,39,34
2009-11-28,Georgia,Home,24,30
2009-11-14,Duke,Away,49,10
2009-11-07,Wake Forest,Home,30,27
2009-10-31,Vanderbilt,Away,56,31
2009-10-24,Virginia,Away,34,9
2009-10-17,Virginia Tech,Home,28,23
2009-10-10,Florida State,Away,49,44
2009-10-03,Mississippi State,Away,42,31
2009-09-26,North Carolina,Home,24,7
2009-09-17,Miami-FL,Away,17,33
2009-09-10,Clemson,Home,30,27
2009-09-05,Jacksonville State,Home,37,17
2009-01-05,Iowa,Neutral,14,24
2008-12-31,Louisiana State,Neutral,3,38
2008-11-29,Georgia,Away,45,42
2008-11-20,Miami-FL,Home,41,23
2008-11-08,North Carolina,Away,7,28
2008-11-01,Florida State,Home,31,28
2008-10-25,Virginia,Home,17,24
2008-10-18,Clemson,Away,21,17
2008-10-11,Gardner-Webb,Home,10,7
2008-10-04,Duke,Home,27,0
2008-09-20,Mississippi State,Home,38,7
2008-09-13,Virginia Tech,Away,17,20
2008-09-06,Boston College,Away,19,16
2008-08-28,Jacksonville State,Home,41,14
2007-12-31,Fresno State,Neutral,28,40
2007-11-24,Georgia,Home,17,31
2007-11-17,North Carolina,Home,27,25
2007-11-10,Duke,Away,41,24
2007-11-01,Virginia Tech,Home,3,27
2007-10-20,Army,Home,34,10
2007-10-13,Miami-FL,Away,17,14
2007-10-06,Maryland,Away,26,28
2007-09-29,Clemson,Home,13,3
2007-09-22,Virginia,Away,23,28
2007-09-15,Boston College,Home,10,24
2007-09-08,Samford,Home,69,14
2007-09-01,Notre Dame,Away,33,3
2006-12-02,Wake Forest,Neutral,6,9
2006-11-25,Georgia,Away,12,15
2006-11-18,Duke,Home,49,21
2006-11-11,North Carolina,Away,7,0
2006-11-04,North Carolina State,Away,31,23
2006-10-28,Miami-FL,Home,30,23
2006-10-21,Clemson,Away,7,31
2006-10-07,Maryland,Home,27,23
2006-09-30,Virginia Tech,Away,38,27
2006-09-21,Virginia,Home,24,7
2006-09-16,Troy,Home,35,20
2006-09-09,Samford,Home,38,6
2006-09-02,Notre Dame,Home,10,14
2006-01-01,West Virginia,Neutral,35,38
2005-12-29,Utah,Neutral,10,38
2005-11-26,Georgia,Home,7,14
2005-11-19,Miami-FL,Away,14,10
2005-11-12,Virginia,Away,17,27
2005-11-05,Wake Forest,Home,30,17
2005-10-29,Clemson,Home,10,9
2005-10-15,Duke,Away,35,10
2005-10-06,North Carolina State,Home,14,17
2005-09-24,Virginia Tech,Away,7,51
2005-09-17,Connecticut,Home,28,13
2005-09-10,North Carolina,Home,27,21
2005-09-03,Auburn,Away,23,14
2004-12-21,Syracuse,Neutral,51,14
2004-11-27,Georgia,Away,13,19
2004-11-20,Virginia,Home,10,30
2004-11-13,Connecticut,Home,30,10
2004-11-06,North Carolina State,Away,24,14
2004-10-28,Virginia Tech,Home,20,34
2004-10-16,Duke,Home,24,7
2004-10-09,Maryland,Away,20,7
2004-10-02,Miami-FL,Home,3,27
2004-09-18,North Carolina,Away,13,34
2004-09-11,Clemson,Away,28,24
2004-09-04,Samford,Home,28,7
2003-11-29,Georgia,Home,17,34
2003-11-22,Virginia,Away,17,29
2003-11-15,North Carolina,Home,41,24
2003-11-08,Duke,Away,17,41
2003-10-23,Maryland,Home,7,3
2003-10-11,Wake Forest,Away,24,7
2003-10-04,North Carolina State,Home,29,21
2003-09-27,Vanderbilt,Away,24,17
2003-09-20,Clemson,Home,3,39
2003-09-13,Florida State,Away,13,14
2003-09-06,Auburn,Home,17,3
2003-08-28,Brigham Young,Away,13,24
2003-01-03,Tulsa,Neutral,52,10
2002-12-31,Fresno State,Neutral,21,30
2002-11-30,Georgia,Away,7,51
2002-11-16,Duke,Home,17,2
2002-11-09,Florida State,Home,13,21
2002-11-02,North Carolina State,Away,24,17
2002-10-26,Virginia,Home,23,15
2002-10-17,Maryland,Away,10,34
2002-10-05,Wake Forest,Home,21,24
2002-09-28,North Carolina,Away,21,13
2002-09-21,Brigham Young,Home,28,19
2002-09-14,Clemson,Away,19,24
2002-09-07,Connecticut,Away,31,14
2002-08-31,Vanderbilt,Home,45,3
2001-12-27,Stanford,Neutral,24,14
2001-12-01,Florida State,Away,17,28
2001-11-24,Georgia,Home,17,31
2001-11-17,Wake Forest,Away,38,33
2001-11-10,Virginia,Away,38,39
2001-11-01,North Carolina,Home,28,21
2001-10-20,North Carolina State,Home,27,17
2001-10-11,Maryland,Home,17,20
2001-10-06,Duke,Away,37,10
2001-09-29,Clemson,Home,44,47
2001-09-08,Navy,Away,70,7
2001-09-01,Citadel,Home,35,7
2001-08-26,Syracuse,Neutral,13,7
2000-12-29,Louisiana State,Neutral,14,28
2000-11-25,Georgia,Away,27,15
2000-11-18,Maryland,Away,35,22
2000-11-09,Virginia,Home,35,0
2000-10-28,Clemson,Away,31,28
2000-10-21,Duke,Home,45,10
2000-10-14,Wake Forest,Home,52,20
2000-09-30,North Carolina,Away,42,28
2000-09-21,North Carolina State,Away,23,30
2000-09-16,Navy,Home,40,13
2000-09-09,Florida State,Home,21,26
2000-09-02,Central Florida,Home,21,17
1999-11-27,Georgia,Home,51,48
1999-11-20,Wake Forest,Away,23,26
1999-11-13,Clemson,Home,45,42
1999-11-06,Virginia,Away,38,45
1999-10-30,North Carolina State,Home,48,21
1999-10-16,Duke,Away,38,31
1999-10-09,North Carolina,Home,31,24
1999-09-30,Maryland,Home,49,31
1999-09-18,Central Florida,Home,41,10
1999-09-11,Florida State,Away,35,41
1999-09-04,Navy,Away,49,14
1999-01-01,Miami-FL,Neutral,13,28
1998-11-28,Georgia,Away,21,19
1998-11-21,Wake Forest,Home,63,35
1998-11-12,Clemson,Away,24,21
1998-10-31,Maryland,Neutral,31,14
1998-10-24,Florida State,Home,7,34
1998-10-17,Virginia,Home,41,38
1998-10-10,North Carolina State,Away,47,24
1998-10-03,Duke,Home,41,13
1998-09-26,North Carolina,Away,43,21
1998-09-12,New Mexico State,Home,42,7
1998-09-05,Boston College,Home,31,41
1998-01-01,Notre Dame,Neutral,35,28
1997-12-29,West Virginia,Neutral,35,30
1997-11-29,Georgia,Home,24,27
1997-11-22,Maryland,Home,37,18
1997-11-15,Duke,Away,41,38
1997-11-08,Virginia,Away,31,35
1997-10-30,North Carolina,Home,13,16
1997-10-18,Florida State,Away,0,38
1997-10-11,North Carolina State,Home,27,17
1997-10-04,Boston College,Away,42,14
1997-09-27,Clemson,Home,23,20
1997-09-20,Wake Forest,Away,28,26
1997-09-06,Notre Dame,Away,13,17
1996-11-30,Georgia,Away,10,19
1996-11-23,Navy,Home,26,36
1996-11-14,Maryland,Away,10,13
1996-11-02,Florida State,Home,3,49
1996-10-26,Central Florida,Home,27,20
1996-10-19,Clemson,Away,25,28
1996-10-05,Virginia,Home,13,7
1996-09-26,Duke,Home,48,22
1996-09-21,North Carolina,Away,0,16
1996-09-14,Wake Forest,Home,30,10
1996-09-07,North Carolina State,Away,28,16
1995-11-23,Georgia,Home,17,18
1995-11-11,North Carolina State,Home,27,19
1995-11-04,Wake Forest,Away,24,23
1995-10-28,Clemson,Home,3,24
1995-10-21,Florida State,Away,10,42
1995-10-14,North Carolina,Home,27,25
1995-10-07,Duke,Away,37,21
1995-09-28,Maryland,Home,31,3
1995-09-16,Virginia,Away,14,41
1995-09-07,Arizona,Away,19,20
1995-09-02,Furman,Home,51,7
1994-11-25,Georgia,Away,10,48
1994-11-19,Wake Forest,Home,13,20
1994-11-12,Clemson,Away,10,20
1994-11-05,Florida State,Home,10,41
1994-10-22,Maryland,Away,27,42
1994-10-15,Virginia,Home,7,24
1994-10-08,North Carolina,Away,24,31
1994-10-01,North Carolina State,Away,13,21
1994-09-24,Duke,Home,12,27
1994-09-10,Western Carolina,Home,45,26
1994-09-01,Arizona,Home,14,19
1993-11-25,Georgia,Home,10,43
1993-11-13,Wake Forest,Away,38,28
1993-11-06,Baylor,Home,37,27
1993-10-30,Duke,Away,47,14
1993-10-23,North Carolina State,Away,23,28
1993-10-16,North Carolina,Home,3,41
1993-10-09,Maryland,Home,38,0
1993-10-02,Florida State,Away,0,51
1993-09-25,Clemson,Away,13,16
1993-09-16,Virginia,Home,14,35
1993-09-11,Furman,Home,37,3
1992-11-28,Georgia,Away,17,31
1992-11-14,Wake Forest,Home,10,23
1992-11-07,Baylor,Away,27,31
1992-10-31,Duke,Home,20,17
1992-10-24,North Carolina,Away,14,26
1992-10-17,Florida State,Home,24,29
1992-10-10,Maryland,Away,28,26
1992-10-03,North Carolina State,Home,16,13
1992-09-26,Clemson,Home,20,16
1992-09-19,Virginia,Away,24,55
1992-09-12,Western Carolina,Home,37,19
1991-12-25,Stanford,Neutral,18,17
1991-11-30,Georgia,Home,15,18
1991-11-16,Wake Forest,Home,27,3
1991-11-09,Furman,Home,19,17
1991-11-02,Duke,Away,17,6
1991-10-26,North Carolina,Home,35,14
1991-10-19,South Carolina,Away,14,23
1991-10-12,Maryland,Home,34,10
1991-10-05,North Carolina State,Away,21,28
1991-09-28,Clemson,Away,7,9
1991-09-19,Virginia,Home,24,21
1991-09-14,Boston College,Away,30,14
1991-08-28,Penn State,Neutral,22,34
1990-12-01,Georgia,Away,40,23
1990-11-17,Wake Forest,Away,42,7
1990-11-10,Virginia Tech,Home,6,3
1990-11-03,Virginia,Away,41,38
1990-10-27,Duke,Home,48,31
1990-10-20,North Carolina,Away,13,13
1990-10-13,Clemson,Home,21,19
1990-10-06,Maryland,Away,31,3
1990-09-29,South Carolina,Home,27,6
1990-09-22,Tennessee-Chattanooga,Home,44,9
1990-09-08,North Carolina State,Home,21,13
1990-01-01,Nebraska,Neutral,45,21
1989-12-02,Georgia,Home,33,22
1989-11-25,Boston College,Home,13,12
1989-11-18,Wake Forest,Home,43,14
1989-11-04,Western Carolina,Home,34,7
1989-10-28,Duke,Away,19,30
1989-10-21,North Carolina,Home,17,14
1989-10-14,Clemson,Away,30,14
1989-10-07,Maryland,Home,28,24
1989-09-23,South Carolina,Away,10,21
1989-09-16,Virginia,Home,10,17
1989-09-09,North Carolina State,Away,28,38
1988-11-26,Georgia,Away,3,24
1988-11-12,Wake Forest,Away,24,28
1988-11-05,Virginia Military Institute,Home,34,7
1988-10-29,Duke,Home,21,31
1988-10-22,North Carolina,Away,17,20
1988-10-15,South Carolina,Home,34,0
1988-10-08,Maryland,Away,8,13
1988-10-01,North Carolina State,Home,6,14
1988-09-24,Clemson,Home,13,30
1988-09-17,Virginia,Away,16,17
1988-09-10,Tennessee-Chattanooga,Home,24,10
1987-11-28,Georgia,Home,16,30
1987-11-21,Wake Forest,Home,6,33
1987-11-07,Virginia,Home,14,23
1987-10-31,Duke,Away,14,48
1987-10-24,Tennessee,Away,15,29
1987-10-17,Auburn,Home,10,20
1987-10-10,Indiana State,Home,38,0
1987-10-03,North Carolina State,Away,0,17
1987-09-26,Clemson,Away,12,33
1987-09-19,North Carolina,Home,23,30
1987-09-12,Citadel,Home,51,12
1986-11-29,Georgia,Away,24,31
1986-11-22,Wake Forest,Away,21,24
1986-11-08,Virginia Military Institute,Home,52,6
1986-11-01,Duke,Home,34,6
1986-10-25,Tennessee,Home,14,13
1986-10-18,Auburn,Away,10,31
1986-10-11,North Carolina State,Home,59,21
1986-10-04,North Carolina,Away,20,21
1986-09-27,Clemson,Home,3,27
1986-09-20,Virginia,Away,28,14
1986-09-13,Furman,Home,17,17
1985-12-31,Michigan State,Neutral,17,14
1985-11-30,Georgia,Home,20,16
1985-11-16,Wake Forest,Home,41,10
1985-11-09,Tennessee-Chattanooga,Home,35,7
1985-11-02,Duke,Away,9,0
1985-10-26,Tennessee,Away,6,6
1985-10-19,Auburn,Home,14,17
1985-10-12,Western Carolina,Home,24,17
1985-10-05,North Carolina,Home,31,0
1985-09-28,Clemson,Away,14,3
1985-09-21,Virginia,Home,13,24
1985-09-14,North Carolina State,Away,28,18
1984-12-01,Georgia,Away,35,18
1984-11-17,Wake Forest,Away,24,7
1984-11-10,North Carolina,Away,17,24
1984-11-03,Duke,Home,31,3
1984-10-27,Tennessee,Home,21,24
1984-10-20,Auburn,Away,34,48
1984-10-13,Virginia,Away,20,20
1984-10-06,North Carolina State,Home,22,27
1984-09-29,Clemson,Home,28,21
1984-09-22,Citadel,Home,48,3
1984-09-15,Alabama,Home,16,6
1983-11-26,Georgia,Home,24,27
1983-11-19,Wake Forest,Home,49,33
1983-11-03,Virginia,Home,31,27
1983-10-29,Duke,Away,26,32
1983-10-22,Tennessee,Away,3,37
1983-10-15,Auburn,Home,13,31
1983-10-08,North Carolina State,Away,20,10
1983-10-01,North Carolina,Home,21,38
1983-09-24,Clemson,Away,14,41
1983-09-17,Furman,Home,14,17
1983-09-10,Alabama,Neutral,7,20
1982-11-27,Georgia,Away,18,38
1982-11-13,Wake Forest,Away,45,7
1982-11-06,Virginia,Home,38,32
1982-10-30,Duke,Home,21,38
1982-10-23,Tennessee,Home,31,21
1982-10-16,Auburn,Away,0,24
1982-10-09,Tulane,Away,19,13
1982-10-02,North Carolina,Away,0,41
1982-09-25,Memphis,Away,24,20
1982-09-18,Citadel,Home,36,7
1982-09-11,Alabama,Home,7,45
1981-12-05,Georgia,Home,7,44
1981-11-14,Navy,Home,14,20
1981-11-07,Notre Dame,Away,3,35
1981-10-31,Duke,Home,24,38
1981-10-24,Tulane,Away,10,27
1981-10-17,Auburn,Home,7,31
1981-10-10,Tennessee,Away,7,10
1981-10-03,North Carolina,Home,7,28
1981-09-26,Memphis,Home,15,28
1981-09-19,Florida,Away,6,27
1981-09-12,Alabama,Neutral,24,21
1980-11-29,Georgia,Away,20,38
1980-11-15,Navy,Home,8,19
1980-11-08,Notre Dame,Home,3,3
1980-11-01,Duke,Away,12,17
1980-10-25,Tulane,Home,14,31
1980-10-18,Auburn,Away,14,17
1980-10-11,Tennessee,Home,10,23
1980-10-04,North Carolina,Away,0,33
1980-09-27,Memphis,Home,17,8
1980-09-20,Florida,Home,12,45
1980-09-06,Alabama,Neutral,3,26
1979-11-24,Georgia,Home,3,16
1979-11-17,Navy,Home,24,14
1979-11-10,Air Force,Home,21,0
1979-11-03,Duke,Home,24,14
1979-10-27,Tulane,Away,7,12
1979-10-20,Auburn,Home,14,38
1979-10-13,Tennessee,Away,0,31
1979-10-06,Notre Dame,Away,13,21
1979-09-29,William & Mary,Home,33,7
1979-09-22,Florida,Away,7,7
1979-09-08,Alabama,Home,6,30
1978-12-25,Purdue,Neutral,21,41
1978-12-02,Georgia,Away,28,29
1978-11-18,Notre Dame,Home,21,38
1978-11-11,Air Force,Away,42,21
1978-10-28,Florida,Home,17,13
1978-10-21,Auburn,Away,24,10
1978-10-14,Miami-FL,Home,24,19
1978-10-07,South Carolina,Home,6,3
1978-09-30,Citadel,Home,28,0
1978-09-23,Tulane,Home,27,17
1978-09-16,California,Home,22,34
1978-09-09,Duke,Away,10,28
1977-11-26,Georgia,Home,16,7
1977-11-12,Navy,Away,16,20
1977-11-05,Notre Dame,Away,14,69
1977-10-29,Duke,Home,24,25
1977-10-22,Tulane,Away,38,14
1977-10-15,Auburn,Home,38,21
1977-10-08,Tennessee,Away,24,8
1977-10-01,Air Force,Home,30,3
1977-09-24,Clemson,Home,14,31
1977-09-17,Miami-FL,Home,10,6
1977-09-10,South Carolina,Away,0,17
1976-11-27,Georgia,Away,10,13
1976-11-13,Navy,Away,28,34
1976-11-06,Notre Dame,Home,23,14
1976-10-30,Duke,Away,7,31
1976-10-23,Tulane,Home,28,16
1976-10-16,Auburn,Away,28,10
1976-10-09,Tennessee,Home,7,42
1976-10-02,Virginia,Home,35,14
1976-09-25,Clemson,Home,24,24
1976-09-18,Pittsburgh,Home,14,42
1976-09-11,South Carolina,Home,17,27
1975-11-27,Georgia,Home,26,42
1975-11-15,Navy,Home,14,13
1975-11-08,Notre Dame,Away,3,24
1975-11-01,Duke,Home,21,6
1975-10-25,Tulane,Away,23,0
1975-10-18,Auburn,Home,27,31
1975-10-11,Virginia Military Institute,Home,38,10
1975-10-04,Florida State,Home,30,0
1975-09-27,Clemson,Home,33,28
1975-09-20,Miami-FL,Home,38,23
1975-09-13,South Carolina,Away,17,23
1974-11-30,Georgia,Away,34,14
1974-11-16,Navy,Home,22,0
1974-11-02,Duke,Away,0,9
1974-10-26,Tulane,Home,27,7
1974-10-19,Auburn,Away,22,31
1974-10-12,North Carolina,Home,29,28
1974-10-05,Virginia,Home,28,24
1974-09-28,Clemson,Away,17,21
1974-09-21,Pittsburgh,Home,17,27
1974-09-14,South Carolina,Home,35,20
1974-09-09,Notre Dame,Home,7,31
1973-12-01,Georgia,Home,3,10
1973-11-17,Navy,Neutral,26,22
1973-11-10,Virginia Military Institute,Home,36,7
1973-11-03,Duke,Home,12,10
1973-10-27,Tulane,Away,14,23
1973-10-20,Auburn,Home,10,24
1973-10-13,Tennessee,Away,14,20
1973-10-06,Army,Home,14,10
1973-09-29,Clemson,Home,29,21
1973-09-22,Southern California,Home,6,23
1973-09-15,South Carolina,Away,28,41
1972-12-18,Iowa State,Neutral,31,30
1972-12-02,Georgia,Away,7,27
1972-11-18,Navy,Home,30,7
1972-11-11,Boston College,Home,42,10
1972-11-04,Duke,Away,14,20
1972-10-28,Tulane,Home,21,7
1972-10-21,Auburn,Away,14,24
1972-10-07,Clemson,Home,31,9
1972-09-30,Rice,Home,36,36
1972-09-23,Michigan State,Away,21,16
1972-09-16,South Carolina,Home,34,6
1972-09-09,Tennessee,Home,3,34
1971-12-30,Mississippi,Neutral,18,41
1971-11-25,Georgia,Home,24,28
1971-11-13,Florida State,Home,12,6
1971-11-06,Navy,Home,34,21
1971-10-30,Duke,Home,21,0
1971-10-23,Tulane,Away,24,16
1971-10-16,Auburn,Home,14,31
1971-10-09,Tennessee,Away,6,10
1971-10-02,Clemson,Home,24,14
1971-09-25,Army,Home,13,16
1971-09-18,Michigan State,Home,10,0
1971-09-11,South Carolina,Away,7,24
1970-12-19,Texas Tech,Neutral,17,9
1970-11-28,Georgia,Away,17,7
1970-11-14,Notre Dame,Away,7,10
1970-11-07,Navy,Home,30,8
1970-10-31,Duke,Away,24,16
1970-10-24,Tulane,Home,20,6
1970-10-17,Auburn,Away,7,31
1970-10-10,Tennessee,Home,6,17
1970-10-03,Clemson,Home,28,7
1970-09-26,Miami-FL,Home,31,21
1970-09-19,Florida State,Home,23,13
1970-09-12,South Carolina,Home,23,20
1969-11-29,Georgia,Home,6,0
1969-11-15,Notre Dame,Home,20,38
1969-11-08,Tulane,Away,7,14
1969-11-01,Duke,Home,20,7
1969-10-25,Southern California,Away,18,29
1969-10-18,Auburn,Home,14,17
1969-10-11,Tennessee,Away,8,26
1969-10-04,Clemson,Home,10,21
1969-09-27,Baylor,Home,17,10
1969-09-20,Southern Methodist,Home,24,21
1968-11-30,Georgia,Away,8,47
1968-11-16,Notre Dame,Away,6,34
1968-11-09,Navy,Home,15,35
1968-11-02,Duke,Away,30,46
1968-10-26,Tulane,Home,23,19
1968-10-19,Auburn,Neutral,21,20
1968-10-12,Tennessee,Home,7,24
1968-10-05,Clemson,Home,24,21
1968-09-28,Miami-FL,Home,7,10
1968-09-21,Texas Christian,Home,17,7
1967-11-25,Georgia,Home,14,21
1967-11-18,Notre Dame,Home,3,36
1967-11-10,Miami-FL,Away,7,49
1967-11-04,Duke,Home,19,7
1967-10-28,Tulane,Away,12,23
1967-10-21,Auburn,Home,10,28
1967-10-14,Tennessee,Away,13,24
1967-10-07,Clemson,Home,10,0
1967-09-30,Texas Christian,Home,24,7
1967-09-23,Vanderbilt,Away,17,10
1966-11-26,Georgia,Away,14,23
1966-11-12,Penn State,Home,21,0
1966-11-05,Virginia,Home,14,13
1966-10-29,Duke,Away,48,7
1966-10-22,Tulane,Home,35,17
1966-10-15,Auburn,Neutral,17,3
1966-10-08,Tennessee,Home,6,3
1966-10-01,Clemson,Home,13,12
1966-09-24,Vanderbilt,Home,42,0
1966-09-17,Texas A&M,Home,38,3
1966-01-02,Florida,Neutral,12,27
1965-12-31,Texas Tech,Neutral,31,21
1965-11-27,Georgia,Home,7,17
1965-11-13,Virginia,Home,42,19
1965-11-06,Tennessee,Away,7,21
1965-10-30,Duke,Home,35,23
1965-10-23,Navy,Home,37,16
1965-10-16,Auburn,Home,23,14
1965-10-09,Tulane,Away,13,10
1965-10-02,Clemson,Home,38,6
1965-09-25,Texas A&M,Home,10,14
1965-09-18,Vanderbilt,Away,10,10
1964-11-28,Georgia,Away,0,7
1964-11-14,Alabama,Home,7,24
1964-11-07,Tennessee,Home,14,22
1964-10-31,Duke,Away,21,8
1964-10-24,Tulane,Home,7,6
1964-10-17,Auburn,Neutral,7,3
1964-10-09,Navy,Neutral,17,0
1964-10-03,Clemson,Home,14,7
1964-09-26,Miami-FL,Home,20,0
1964-09-19,Vanderbilt,Home,14,2
1963-11-30,Georgia,Home,14,3
1963-11-16,Alabama,Neutral,11,27
1963-11-09,Florida State,Home,15,7
1963-11-02,Duke,Home,30,6
1963-10-26,Tulane,Away,17,3
1963-10-19,Auburn,Home,21,29
1963-10-12,Tennessee,Away,23,7
1963-10-05,Louisiana State,Away,6,7
1963-09-28,Clemson,Home,27,0
1963-09-14,Florida,Home,9,0
1962-12-22,Missouri,Neutral,10,14
1962-12-01,Georgia,Away,37,6
1962-11-17,Alabama,Home,7,6
1962-11-10,Florida State,Home,14,14
1962-11-03,Duke,Away,20,9
1962-10-27,Tulane,Home,42,12
1962-10-20,Auburn,Neutral,14,17
1962-10-13,Tennessee,Home,17,0
1962-10-06,Louisiana State,Home,7,10
1962-09-29,Florida,Away,17,0
1962-09-22,Clemson,Home,26,9
1961-12-30,Penn State,Neutral,15,30
1961-12-02,Georgia,Home,22,7
1961-11-18,Alabama,Neutral,0,10
1961-11-11,Tennessee,Away,6,10
1961-11-04,Florida,Home,20,0
1961-10-28,Tulane,Away,35,0
1961-10-21,Auburn,Home,7,6
1961-10-14,Duke,Home,21,0
1961-10-07,Louisiana State,Away,0,10
1961-09-30,Rice,Home,24,0
1961-09-22,Southern California,Away,27,7
1960-11-26,Georgia,Away,6,7
1960-11-12,Alabama,Home,15,16
1960-11-05,Tennessee,Home,14,7
1960-10-29,Duke,Away,0,6
1960-10-22,Tulane,Home,14,6
1960-10-15,Auburn,Neutral,7,9
1960-10-08,Louisiana State,Home,6,2
1960-10-01,Florida,Away,17,18
1960-09-24,Rice,Away,16,13
1960-09-17,Kentucky,Home,23,13
1959-11-28,Georgia,Home,14,21
1959-11-14,Alabama,Neutral,7,9
1959-11-07,Notre Dame,Away,14,10
1959-10-31,Duke,Home,7,10
1959-10-24,Tulane,Away,21,13
1959-10-17,Auburn,Home,6,7
1959-10-10,Tennessee,Away,14,7
1959-10-03,Clemson,Home,16,6
1959-09-26,Southern Methodist,Home,16,12
1959-09-19,Kentucky,Away,14,12
1959-01-02,Arkansas,Neutral,7,14
1958-11-29,Georgia,Away,3,16
1958-11-15,Alabama,Home,8,17
1958-11-08,Clemson,Home,13,0
1958-11-01,Duke,Away,10,8
1958-10-25,Southern Methodist,Away,0,20
1958-10-18,Auburn,Home,7,7
1958-10-11,Tennessee,Home,21,7
1958-10-04,Tulane,Home,14,0
1958-09-26,Florida State,Home,17,3
1958-09-20,Kentucky,Away,0,13
1957-11-30,Georgia,Home,0,7
1957-11-23,Florida,Home,0,0
1957-11-16,Alabama,Neutral,10,7
1957-11-09,Tennessee,Away,6,21
1957-11-02,Duke,Home,13,0
1957-10-26,Tulane,Away,20,13
1957-10-19,Auburn,Home,0,3
1957-10-12,Louisiana State,Away,13,20
1957-09-28,Southern Methodist,Home,0,0
1957-09-21,Kentucky,Home,13,0
1956-12-29,Pittsburgh,Neutral,21,14
1956-12-01,Georgia,Away,35,0
1956-11-24,Florida,Neutral,28,0
1956-11-17,Alabama,Home,27,0
1956-11-10,Tennessee,Home,0,6
1956-11-03,Duke,Away,7,0
1956-10-27,Tulane,Home,40,0
1956-10-20,Auburn,Home,28,7
1956-10-13,Louisiana State,Home,39,7
1956-09-29,Southern Methodist,Away,9,7
1956-09-22,Kentucky,Away,14,6
1955-11-26,Georgia,Home,21,3
1955-11-12,Alabama,Neutral,26,2
1955-11-05,Tennessee,Away,7,7
1955-10-29,Duke,Home,27,0
1955-10-22,Florida State,Home,34,0
1955-10-15,Auburn,Home,12,14
1955-10-08,Louisiana State,Away,7,0
1955-10-01,Southern Methodist,Home,20,7
1955-09-24,Florida,Away,14,7
1955-09-17,Miami-FL,Home,14,6
1955-01-02,Pittsburgh,Neutral,7,0
1954-11-27,Georgia,Away,7,3
1954-11-13,Alabama,Home,20,0
1954-11-06,Tennessee,Home,28,7
1954-10-30,Duke,Away,20,21
1954-10-23,Kentucky,Home,6,13
1954-10-16,Auburn,Home,14,7
1954-10-09,Louisiana State,Home,30,20
1954-10-02,Southern Methodist,Away,10,7
1954-09-25,Florida,Home,12,13
1954-09-18,Tulane,Home,28,0
1954-01-01,Arkansas,Neutral,14,6
1953-11-28,Georgia,Home,28,12
1953-11-21,Duke,Home,13,10
1953-11-14,Alabama,Neutral,6,13
1953-11-07,Clemson,Home,20,7
1953-10-31,Vanderbilt,Away,43,0
1953-10-24,Notre Dame,Away,14,27
1953-10-17,Auburn,Home,36,6
1953-10-10,Tulane,Away,27,13
1953-10-03,Southern Methodist,Home,6,4
1953-09-26,Florida,Away,0,0
1953-09-19,Davidson,Home,53,0
1953-01-01,West Virginia,Neutral,42,19
1952-11-29,Georgia,Away,23,9
1952-11-22,Florida State,Home,30,0
1952-11-15,Alabama,Home,7,3
1952-11-08,Army,Home,45,6
1952-11-01,Duke,Away,28,7
1952-10-25,Vanderbilt,Home,30,0
1952-10-18,Auburn,Home,33,0
1952-10-11,Tulane,Home,14,0
1952-10-04,Southern Methodist,Away,20,7
1952-09-27,Florida,Home,17,14
1952-09-20,Citadel,Home,54,6
1952-01-01,Mississippi,Neutral,24,7
1951-12-01,Georgia,Home,48,6
1951-11-24,Davidson,Home,34,7
1951-11-17,Alabama,Neutral,27,7
1951-11-10,Virginia Military Institute,Home,34,7
1951-11-03,Duke,Home,14,14
1951-10-27,Vanderbilt,Away,8,7
1951-10-20,Auburn,Home,27,7
1951-10-13,Louisiana State,Home,25,7
1951-10-06,Kentucky,Away,13,7
1951-09-29,Florida,Away,27,0
1951-09-22,Southern Methodist,Home,21,7
1951-01-01,Baylor,Neutral,17,14
1950-12-02,Georgia,Away,7,0
1950-11-25,Davidson,Home,46,14
1950-11-18,Alabama,Home,19,54
1950-11-11,Virginia Military Institute,Home,13,14
1950-11-04,Duke,Away,21,30
1950-10-28,Kentucky,Home,14,28
1950-10-21,Auburn,Home,20,0
1950-10-14,Louisiana State,Away,13,0
1950-10-07,Florida,Home,16,13
1950-09-30,South Carolina,Home,0,7
1950-09-23,Southern Methodist,Away,13,33
1949-11-26,Georgia,Home,7,6
1949-11-19,South Carolina,Home,13,3
1949-11-12,Alabama,Neutral,7,20
1949-11-05,Tennessee,Away,30,13
1949-10-29,Duke,Home,14,27
1949-10-22,Florida,Away,43,14
1949-10-15,Auburn,Home,35,21
1949-10-08,Washington & Lee,Home,36,0
1949-10-01,Tulane,Away,0,18
1949-09-24,Vanderbilt,Home,12,7
1948-11-27,Georgia,Away,13,21
1948-11-20,Citadel,Home,54,0
1948-11-13,Alabama,Home,12,14
1948-11-06,Tennessee,Home,6,13
1948-10-30,Duke,Away,19,7
1948-10-23,Florida,Home,42,7
1948-10-16,Auburn,Home,27,0
1948-10-09,Washington & Lee,Home,27,0
1948-10-02,Tulane,Home,13,7
1948-09-25,Vanderbilt,Away,13,0
1947-11-29,Georgia,Home,7,0
1947-11-22,Furman,Home,51,0
1947-11-15,Alabama,Neutral,7,14
1947-11-08,Navy,Neutral,16,14
1947-11-01,Duke,Home,7,0
1947-10-25,Citadel,Home,38,0
1947-10-18,Auburn,Home,27,7
1947-10-11,Virginia Military Institute,Home,20,0
1947-10-04,Tulane,Away,20,0
1947-09-27,Tennessee,Home,27,0
1947-01-01,Kansas,Neutral,20,14
1946-11-30,Georgia,Away,7,35
1946-11-23,Furman,Home,41,7
1946-11-16,Tulane,Home,35,7
1946-11-09,Navy,Home,28,20
1946-11-02,Duke,Away,14,0
1946-10-26,Auburn,Home,27,6
1946-10-19,Louisiana State,Away,26,7
1946-10-12,Mississippi,Home,24,7
1946-10-05,Virginia Military Institute,Home,32,6
1946-09-28,Tennessee,Away,9,13
1946-01-01,St. Mary's,Neutral,41,19
1945-12-01,Georgia,Home,0,33
1945-11-24,Clemson,Home,7,21
1945-11-17,Louisiana State,Home,7,9
1945-11-10,Tulane,Away,41,7
1945-11-03,Duke,Home,6,14
1945-10-27,Auburn,Home,20,7
1945-10-20,Navy,Neutral,6,20
1945-10-13,Samford,Home,43,0
1945-10-06,Notre Dame,Home,7,40
1945-09-29,North Carolina,Away,20,14
1944-12-02,Georgia,Away,44,0
1944-11-25,Notre Dame,Home,0,21
1944-11-18,Louisiana State,Away,14,6
1944-11-11,Tulane,Home,34,7
1944-11-04,Duke,Away,13,19
1944-10-27,Georgia Pre-Flight,Home,13,7
1944-10-21,Navy,Home,17,15
1944-10-14,Auburn,Home,27,0
1944-10-07,North Carolina,Home,28,0
1944-09-30,Clemson,Home,51,0
1944-01-01,Tulsa,Neutral,12,26
1943-11-27,Georgia,Home,48,0
1943-11-20,Clemson,Home,41,6
1943-11-13,Tulane,Away,33,0
1943-11-06,Louisiana State,Home,42,7
1943-10-30,Duke,Home,7,14
1943-10-23,Navy,Neutral,14,28
1943-10-16,Fort Benning,Home,27,0
1943-10-09,Georgia Pre-Flight,Home,35,7
1943-10-02,Notre Dame,Away,13,55
1943-09-25,North Carolina,Home,20,7
1943-01-01,Tulsa,Neutral,20,18
1942-11-28,Georgia,Away,0,34
1942-11-21,Florida,Home,20,7
1942-11-14,Alabama,Home,7,0
1942-11-07,Kentucky,Home,47,7
1942-10-31,Duke,Away,26,7
1942-10-24,Navy,Away,21,0
1942-10-17,Davidson,Home,33,0
1942-10-10,Tennessee-Chattanooga,Home,30,12
1942-10-03,Notre Dame,Away,13,6
1942-09-26,Auburn,Home,15,0
1942-01-01,Texas,Neutral,7,14
1941-11-29,Georgia,Home,0,21
1941-11-22,Florida,Away,7,14
1941-11-15,Alabama,Neutral,0,20
1941-11-08,Kentucky,Home,20,13
1941-11-01,Duke,Home,0,14
1941-10-25,Auburn,Home,28,14
1941-10-18,Vanderbilt,Away,7,14
1941-10-11,Notre Dame,Home,0,20
1941-10-04,Tennessee-Chattanooga,Home,20,0
1940-12-28,California,Home,13,0
1940-11-30,Georgia,Away,19,21
1940-11-23,Florida,Home,7,16
1940-11-16,Alabama,Home,13,14
1940-11-09,Kentucky,Neutral,7,26
1940-11-02,Duke,Away,7,41
1940-10-26,Auburn,Home,7,16
1940-10-19,Vanderbilt,Home,19,0
1940-10-12,Notre Dame,Away,20,26
1940-10-05,Samford,Home,27,0
1939-12-02,Georgia,Home,13,0
1939-11-25,Florida,Away,21,7
1939-11-18,Alabama,Neutral,6,0
1939-11-11,Kentucky,Home,13,6
1939-11-04,Duke,Home,6,7
1939-10-28,Auburn,Home,7,6
1939-10-21,Vanderbilt,Home,14,6
1939-10-14,Samford,Home,35,0
1939-10-07,Notre Dame,Away,14,17
1939-01-01,Missouri,Neutral,21,7
1938-12-26,California,Away,0,13
1938-11-27,Georgia,Away,0,0
1938-11-19,Florida,Home,0,0
1938-11-12,Alabama,Home,14,14
1938-11-05,Kentucky,Home,19,18
1938-10-29,Vanderbilt,Away,7,13
1938-10-22,Auburn,Home,7,6
1938-10-15,Duke,Away,0,6
1938-10-08,Notre Dame,Home,6,14
1938-10-01,Mercer,Home,19,0
1937-11-27,Georgia,Home,6,6
1937-11-20,Florida,Away,12,0
1937-11-13,Alabama,Neutral,0,7
1937-11-06,Clemson,Home,7,0
1937-10-30,Vanderbilt,Home,14,0
1937-10-23,Auburn,Home,0,21
1937-10-16,Duke,Home,19,20
1937-10-09,Kentucky,Away,32,0
1937-10-02,Mercer,Home,28,0
1937-09-24,Presbyterian,Home,59,0
1936-12-26,California,Home,13,7
1936-11-28,Georgia,Away,6,16
1936-11-21,Florida,Home,38,14
1936-11-14,Alabama,Home,16,20
1936-11-07,Auburn,Home,12,13
1936-10-31,Clemson,Home,13,14
1936-10-24,Vanderbilt,Away,0,0
1936-10-17,Duke,Away,6,19
1936-10-10,Kentucky,Home,34,0
1936-10-03,Sewanee,Home,58,0
1936-09-25,Presbyterian,Home,55,0
1935-11-30,Georgia,Home,19,7
1935-11-23,Florida,Home,39,6
1935-11-16,Alabama,Neutral,7,38
1935-11-09,Auburn,Home,7,33
1935-11-02,Vanderbilt,Home,13,14
1935-10-26,North Carolina,Away,0,19
1935-10-19,Duke,Home,6,0
1935-10-12,Kentucky,Away,6,25
1935-10-05,Sewanee,Home,32,0
1935-09-28,Presbyterian,Home,33,0
1934-12-01,Georgia,Away,0,7
1934-11-24,Florida,Away,12,13
1934-11-17,Alabama,Home,0,40
1934-11-10,Auburn,Home,6,18
1934-11-03,North Carolina,Home,0,26
1934-10-27,Tulane,Away,12,20
1934-10-20,Michigan,Away,2,9
1934-10-13,Duke,Away,0,20
1934-10-06,Vanderbilt,Home,12,27
1934-09-29,Clemson,Home,12,7
1933-12-02,Duke,Home,6,0
1933-11-25,Georgia,Home,6,7
1933-11-18,Alabama,Home,9,12
1933-11-11,Florida,Home,19,7
1933-11-04,Vanderbilt,Home,6,9
1933-10-28,North Carolina,Away,10,6
1933-10-21,Tulane,Home,0,7
1933-10-14,Auburn,Home,16,6
1933-10-07,Kentucky,Away,6,7
1933-09-30,Clemson,Home,39,2
1932-12-17,California,Away,7,27
1932-11-26,Georgia,Home,0,0
1932-11-19,Florida,Away,6,0
1932-11-12,Alabama,Home,6,0
1932-11-05,Tulane,Home,14,20
1932-10-29,Vanderbilt,Away,0,12
1932-10-22,North Carolina,Away,43,14
1932-10-15,Auburn,Home,0,6
1932-10-08,Kentucky,Home,6,12
1932-10-01,Clemson,Home,32,14
1931-12-26,California,Home,6,19
1931-11-28,Georgia,Away,6,35
1931-11-21,Florida,Home,23,0
1931-11-14,Pennsylvania,Away,12,13
1931-11-07,North Carolina,Home,19,19
1931-10-31,Vanderbilt,Home,7,49
1931-10-24,Tulane,Away,0,33
1931-10-17,Auburn,Home,0,13
1931-10-10,Carnegie Tech,Home,0,13
1931-10-03,South Carolina,Home,25,13
1930-12-06,Georgia,Home,0,13
1930-11-27,Florida,Home,7,55
1930-11-15,Pennsylvania,Away,7,34
1930-11-08,Vanderbilt,Home,0,6
1930-11-01,North Carolina,Away,6,6
1930-10-25,Tulane,Home,0,28
1930-10-18,Auburn,Home,14,12
1930-10-11,Carnegie Tech,Away,0,31
1930-10-04,South Carolina,Home,45,0
1929-12-07,Georgia,Away,6,12
1929-11-28,Auburn,Home,19,6
1929-11-16,Alabama,Home,0,14
1929-11-09,Vanderbilt,Away,7,23
1929-11-02,Notre Dame,Home,6,26
1929-10-26,Tulane,Away,14,20
1929-10-19,Florida,Home,19,6
1929-10-12,North Carolina,Home,7,18
1929-10-05,Mississippi State,Home,27,13
1928-12-08,Georgia,Home,20,6
1928-11-29,Auburn,Home,51,0
1928-11-17,Alabama,Home,33,13
1928-11-10,Vanderbilt,Home,19,7
1928-11-03,Oglethorpe,Home,32,7
1928-10-27,North Carolina,Away,20,7
1928-10-20,Notre Dame,Home,13,0
1928-10-13,Tulane,Away,12,0
1928-10-06,Virginia Military Institute,Home,13,0
1928-01-01,California,Neutral,8,7
1927-12-03,Georgia,Home,12,0
1927-11-24,Auburn,Home,18,0
1927-11-19,Oglethorpe,Home,19,7
1927-11-12,Louisiana State,Home,23,0
1927-11-06,Vanderbilt,Away,0,0
1927-10-29,Notre Dame,Away,7,26
1927-10-22,North Carolina,Home,13,0
1927-10-15,Alabama,Home,13,0
1927-10-08,Tulane,Home,13,6
1927-10-01,Virginia Military Institute,Home,7,0
1926-11-25,Auburn,Home,20,7
1926-11-13,Georgia,Home,13,14
1926-11-06,Vanderbilt,Home,7,13
1926-10-30,Notre Dame,Away,0,12
1926-10-23,Washington & Lee,Home,19,7
1926-10-16,Alabama,Home,0,21
1926-10-09,Tulane,Home,9,6
1926-10-02,Virginia Military Institute,Home,13,0
1926-09-25,Oglethorpe,Home,6,7
1925-11-26,Auburn,Home,7,7
1925-11-14,Georgia,Home,3,0
1925-11-07,Vanderbilt,Away,7,0
1925-10-31,Notre Dame,Home,0,13
1925-10-24,Alabama,Home,0,7
1925-10-17,Florida,Home,23,7
1925-10-10,Penn State,Neutral,16,7
1925-10-03,Virginia Military Institute,Home,33,0
1925-09-26,Oglethorpe,Home,13,7
1924-11-27,Auburn,Home,7,0
1924-11-15,Vanderbilt,Home,0,3
1924-11-08,Louisiana State,Home,28,7
1924-11-01,Notre Dame,Away,3,34
1924-10-25,Alabama,Home,0,14
1924-10-18,Penn State,Home,15,13
1924-10-11,Florida,Home,7,7
1924-10-04,Virginia Military Institute,Home,3,0
1924-09-27,Oglethorpe,Home,19,0
1923-11-29,Auburn,Home,0,0
1923-11-17,Kentucky,Neutral,3,3
1923-11-10,Penn State,Away,0,7
1923-11-03,Alabama,Home,0,0
1923-10-27,Notre Dame,Away,7,35
1923-10-20,Georgetown,Home,20,10
1923-10-13,Florida,Home,7,7
1923-10-06,Virginia Military Institute,Home,10,7
1923-09-29,Oglethorpe,Home,28,13
1922-11-30,Auburn,Home,14,6
1922-11-18,North Carolina State,Home,17,0
1922-11-11,Georgetown,Home,19,7
1922-11-04,Clemson,Home,21,7
1922-10-28,Notre Dame,Home,3,13
1922-10-21,Navy,Away,0,13
1922-10-14,Alabama,Home,33,7
1922-10-07,Davidson,Home,19,0
1922-09-30,Oglethorpe,Home,31,6
1921-11-24,Auburn,Home,14,0
1921-11-12,Georgetown,Home,21,7
1921-11-05,Clemson,Home,48,7
1921-10-29,Penn State,Neutral,7,28
1921-10-22,Rutgers,Home,48,14
1921-10-15,Furman,Home,69,0
1921-10-08,Davidson,Home,70,0
1921-10-01,Oglethorpe,Home,41,0
1921-09-24,Wake Forest,Home,42,0
1920-11-25,Auburn,Home,34,0
1920-11-13,Georgetown,Home,35,6
1920-11-06,Clemson,Home,7,0
1920-10-30,Centre,Home,24,0
1920-10-23,Pittsburgh,Away,3,10
1920-10-16,Vanderbilt,Away,44,0
1920-10-09,Davidson,Home,66,0
1920-10-02,Oglethorpe,Home,55,0
1920-09-25,Wake Forest,Home,44,0
1919-11-27,Auburn,Home,7,14
1919-11-15,Georgetown,Home,27,0
1919-11-08,Washington & Lee,Home,0,3
1919-11-01,Davidson,Home,33,0
1919-10-25,Pittsburgh,Away,6,16
1919-10-18,Vanderbilt,Home,20,0
1919-10-11,Clemson,Home,28,0
1919-10-04,Wake Forest,Home,14,0
1919-09-27,Furman,Home,74,0
1919-09-20,Camp Logan,Home,48,0
1918-11-28,Auburn,Home,41,0
1918-11-23,Pittsburgh,Away,0,32
1918-11-10,North Carolina State,Home,128,0
1918-10-26,Camp Gordon,Home,28,0
1918-10-19,11th Cavalry,Home,123,0
1918-10-12,Furman,Home,118,0
1918-10-05,Clemson,Home,28,0
1917-11-29,Auburn,Home,68,7
1917-11-17,Carlisle,Home,98,0
1917-11-10,Tulane,Away,48,0
1917-11-03,Vanderbilt,Home,83,0
1917-10-20,Washington & Lee,Home,63,0
1917-10-13,Davidson,Home,32,10
1917-10-06,Pennsylvania,Home,41,0
1917-09-29,Furman,Home,25,0
1917-09-29,Wake Forest,Home,33,0
1916-11-30,Auburn,Home,33,7
1916-11-18,Georgia,Away,21,0
1916-11-11,Alabama,Home,13,0
1916-11-04,Tulane,Home,45,0
1916-10-28,Washington & Lee,Home,7,7
1916-10-21,North Carolina,Home,10,6
1916-10-14,Davidson,Home,9,0
1916-10-07,Cumberland,Home,222,0
1916-09-30,Mercer,Home,61,0
1915-11-25,Auburn,Home,7,0
1915-11-13,Georgia,Home,0,0
1915-11-06,Alabama,Home,21,7
1915-10-30,North Carolina,Home,23,3
1915-10-22,Louisiana State,Neutral,36,7
1915-10-16,Transylvania,Home,67,0
1915-10-09,Davidson,Home,27,7
1915-10-02,Mercer,Home,52,0
1914-11-26,Clemson,Home,26,6
1914-11-14,Georgia,Home,7,0
1914-11-07,Auburn,Home,0,14
1914-10-31,Sewanee,Home,20,0
1914-10-24,Virginia Military Institute,Home,28,7
1914-10-17,Alabama,Neutral,0,13
1914-10-10,Mercer,Home,105,0
1914-10-03,South Carolina,Home,20,0
1913-11-27,Clemson,Home,34,0
1913-11-15,Georgia,Home,0,14
1913-11-08,Auburn,Home,0,20
1913-11-01,Sewanee,Home,33,0
1913-10-25,Florida,Neutral,13,3
1913-10-18,Mercer,Home,33,0
1913-10-12,Tennessee-Chattanooga,Away,71,6
1913-10-04,Citadel,Away,47,0
1913-09-27,Camp McPherson,Home,19,0
1912-11-28,Clemson,Home,23,0
1912-11-16,Georgia,Home,0,20
1912-11-09,Sewanee,Home,0,7
1912-11-02,Auburn,Home,7,27
1912-10-26,Florida,Neutral,14,7
1912-10-19,Mercer,Away,16,6
1912-10-12,Alabama,Home,20,3
1912-10-05,Citadel,Away,20,16
1912-09-28,11th Cavalry,Home,0,0
1911-11-30,Clemson,Home,32,0
1911-11-18,Georgia,Home,0,5
1911-11-11,Sewanee,Home,23,0
1911-11-04,Auburn,Home,6,11
1911-10-29,Alabama,Home,0,0
1911-10-21,Mercer,Home,17,0
1911-10-14,Tennessee,Home,24,0
1911-10-07,Samford,Away,28,0
1911-09-30,11th Cavalry,Home,22,5
1910-11-24,Clemson,Home,34,0
1910-11-19,Georgia,Home,6,11
1910-11-12,Vanderbilt,Home,0,23
1910-11-05,Auburn,Home,0,16
1910-10-22,Alabama,Away,36,0
1910-10-15,Mercer,Home,46,0
1910-10-08,Tennessee-Chattanooga,Home,18,0
1910-10-01,Gordon,Home,57,0
1909-11-25,Clemson,Home,29,3
1909-11-20,Georgia,Home,12,6
1909-11-13,Mercer,Away,35,0
1909-11-06,Auburn,Home,0,9
1909-10-30,Tennessee,Away,29,0
1909-10-23,Sewanee,Home,0,15
1909-10-16,South Carolina,Home,59,0
1909-10-09,Mooney,Home,35,6
1909-10-02,Gordon,Home,18,6
1908-11-26,Clemson,Home,30,6
1908-11-19,Mercer,Home,16,6
1908-11-14,Sewanee,Home,0,6
1908-11-07,Auburn,Home,0,44
1908-10-31,Tennessee,Home,5,6
1908-10-24,Alabama,Home,11,6
1908-10-17,Mississippi State,Home,23,0
1908-10-10,Mooney,Home,30,0
1908-10-03,Gordon,Home,32,0
1907-11-28,Clemson,Home,5,6
1907-11-16,Vanderbilt,Away,0,54
1907-11-09,Sewanee,Home,0,18
1907-11-02,Georgia,Home,10,6
1907-10-26,Auburn,Home,6,12
1907-10-19,Tennessee,Home,6,4
1907-10-12,North Georgia,Home,70,0
1907-10-05,Gordon,Home,51,0
1906-11-29,Clemson,Home,0,10
1906-11-17,Vanderbilt,Home,6,37
1906-11-10,Georgia,Away,17,0
1906-11-03,Auburn,Home,11,0
1906-10-27,Davidson,Home,4,0
1906-10-20,Sewanee,Home,0,16
1906-10-13,Tennessee-Chattanooga,Home,18,0
1906-10-06,North Georgia,Home,11,0
1906-09-29,Maryville,Home,6,6
1905-11-30,Clemson,Home,17,10
1905-11-18,Georgia,Home,46,0
1905-11-11,Sewanee,Home,18,18
1905-11-04,Tennessee,Home,45,0
1905-10-28,Cumberland,Home,18,0
1905-10-21,Alabama,Home,12,5
1905-10-07,North Georgia,Home,54,0
1904-11-24,Cumberland,Home,18,0
1904-11-16,Tennessee Medical,Home,59,0
1904-11-12,Georgia,Home,23,6
1904-11-05,Clemson,Home,11,11
1904-10-29,Auburn,Away,0,12
1904-10-22,Tennessee,Home,2,0
1904-10-17,Florida,Home,77,0
1904-10-15,Mooney,Home,51,0
1904-10-08,Florida State,Home,35,0
1904-10-01,Camp McPherson,Home,11,5
1903-11-26,South Carolina,Home,0,16
1903-11-21,Tennessee,Away,0,11
1903-11-14,Auburn,Home,5,10
1903-11-07,Florida State,Home,17,0
1903-10-31,Samford,Away,37,0
1903-10-24,Georgia,Home,0,38
1903-10-17,Clemson,Home,0,73
1902-11-27,Alabama,Neutral,0,26
1902-11-22,Tennessee,Home,6,10
1902-11-13,Davidson,Home,6,7
1902-11-08,St. Albans,Home,0,17
1902-11-01,Furman,Away,0,0
1902-10-25,Georgia,Home,0,0
1902-10-18,Clemson,Home,5,44
1902-10-11,Auburn,Home,6,18
